[
  {
    "iscl": false,
    "iswl": false,
    "id": 1,
    "orderid":"12341",

    "quantity": "1",
    "category": "mens",
    "subcategory": "shirts",
    "name": "Blue striped shirt",
    "description": "slimfit checked",
    "size": "M",
    "color": "blue",
    "amount": 600,
    "qtyAmount": 0,
    "imgurl": "../../assets/mens/men-shirts-10/shirt1.jpg"
  },
  {
    "iscl": false,
    "iswl": false,
    "id": 2,
    "orderid": "12342",
    "quantity": "1",
    "category": "mens",
    "subcategory": "shirts",
    "name": "Gray striped shirt",
    "description": "slimfit cotton",
    "size": "L",
    "color": "gray",
    "amount": 550,
    "qtyAmount": 0,
    "imgurl": "../../assets/mens/men-shirts-10/shirt2.jpg"
  },
  {
    "iscl": false,
    "iswl": false,
    "id": 3,
    "orderid": "12343",
    "quantity": "1",
    "category": "mens",
    "subcategory": "shirts",
    "name": "green plain shirt",
    "description": "slimfit casual",
    "size": "M",
    "color": "green",
    "amount": 500,
    "qtyAmount": 0,
    "imgurl": "../../assets/mens/men-shirts-10/shirt3.jpg"
  },
  {
    "iscl": false,
    "iswl": false,
    "id": 4,
    "orderid":"12344",
    "quantity": "1",
    "category": "mens",
    "subcategory": "shirts",
    "name": "peach plian shirt",
    "description": "100% cotton wear",
    "size": "XL",
    "color": "peach",
    "amount": 400,
    "qtyAmount": 0,
    "imgurl": "../../assets/mens/men-shirts-10/shirt4.jpg"
  },
  {
    "iscl": false,
    "iswl": false,
    "id": 5,
    "orderid": "12345",
    "quantity": "1",
    "category": "mens",
    "subcategory": "shirts",
    "name": "maron plain shirt",
    "description": "cotton slimfit",
    "size": "L",
    "color": "maroon",
    "amount": 850,
    "qtyAmount": 0,
    "imgurl": "../../assets/mens/men-shirts-10/shirt5.jpg"
  },
  {
    "iscl": false,
    "iswl": false,
    "id": 6,
    "orderid": "12346",
    "quantity": "1",
    "category": "mens",
    "subcategory": "shirts",
    "name": "White plain shirt",
    "description": "slimfit semiformal",
    "size": "M",
    "color": "white",
    "amount": 655,
    "qtyAmount": 0,
    "imgurl": "../../assets/mens/men-shirts-10/shirt6.jpg"
  },
  {
    "iscl": false,
    "iswl": false,
    "id": 7,
    "orderid": "12347",
    "quantity": "1",
    "category": "mens",
    "subcategory": "shirts",
    "name": "Denim liteblue shirt",
    "description": "100% cotton wear",
    "size": "XL",
    "color": "liteblue",
    "amount": 700,
    "qtyAmount": 0,
    "imgurl": "../../assets/mens/men-shirts-10/shirt7.jpg"
  },
  {
    "iscl": false,
    "iswl": false,
    "id": 8,
    "orderid":"12348",
    "quantity": "1",
    "category": "mens",
    "subcategory": "shirts",
    "name": "Denim blue shirt",
    "description": "slimfit cotton",
    "size": "M",
    "color": "blue",
    "amount": 800,
    "qtyAmount": 0,
    "imgurl": "../../assets/mens/men-shirts-10/shirt8.jpg"
  },

  {
    "iscl": false,
    "iswl": false,
    "id": 9,
    "orderid": "12349",
    "quantity": "1",
    "category": "mens",
    "subcategory": "tshirts",
    "name": "Blue plain tshirt",
    "description": "pure cotton wear",
    "size": "L",
    "color": "blue",
    "amount": 555,
    "qtyAmount": 0,
    "imgurl": "../../assets/mens/men-tshirts-10/tshirt1.jpg"
  },
  {
    "iscl": false,
    "iswl": false,
    "id": 10,
    "orderid": "123410",
    "quantity": "1",
    "category": "mens",
    "subcategory": "tshirts",
    "name": "Red plain tshirt",
    "description": "men solid oversized cotton",
    "size": "M",
    "color": "red",
    "amount": 650,
    "qtyAmount": 0,
    "imgurl": "../../assets/mens/men-tshirts-10/tshirt2.jpg"
  },
  {
    "iscl": false,
    "iswl": false,
    "id": 11,
    "orderid": "123411",
    "quantity": "1",
    "category": "mens",
    "subcategory": "tshirts",
    "name": "Gray  tshirt",
    "description": "soloid round neck tshirt",
    "size": "XL",
    "color": "gray",
    "amount": 450,
    "qtyAmount": 0,
    "imgurl": "../../assets/mens/men-tshirts-10/tshirt3.jpg"
  },
  {
    "iscl": false,
    "iswl": false,
    "id": 12,
    "orderid": "123412",
    "quantity": "1",
    "category": "mens",
    "subcategory": "tshirts",
    "name": "Gray color tshirt",
    "description": "regular fit",
    "size": "L",
    "color": "gary",
    "amount": 350,
    "qtyAmount": 0,
    "imgurl": "../../assets/mens/men-tshirts-10/tshirt4.jpg"
  },
  {
    "iscl": false,
    "iswl": false,
    "id": 13,
    "orderid": "1234513",
    "quantity": "1",
    "category": "mens",
    "subcategory": "tshirts",
    "name": "Green tshirt",
    "description": "regulat fit round neck",
    "size": "M",
    "color": "green",
    "amount": 555,
    "qtyAmount": 0,
    "imgurl": "../../assets/mens/men-tshirts-10/tshirt5.jpg"
  },
  {
    "iscl": false,
    "iswl": false,
    "id": 14,
    "orderid": "123414",
    "quantity": "1",
    "category": "mens",
    "subcategory": "tshirts",
    "name": " blue stripped tshirt",
    "description": "100% cotton wear",
    "size": "XL",
    "color": "blue",
    "amount": 650,
    "qtyAmount": 0,
    "imgurl": "../../assets/mens/men-tshirts-10/tshirt6.jpg"
  },
  {
    "iscl": false,
    "iswl": false,
    "id": 15,
    "orderid": "123415",
    "quantity": "1",
    "category": "mens",
    "subcategory": "tshirts",
    "name": "Blackwith yellow tshirt",
    "description": "stipprd cotton",
    "size": "M",
    "color": "blackwithyellow",
    "amount": 450,
    "qtyAmount": 0,
    "imgurl": "../../assets/mens/men-tshirts-10/tshirt7.jpg"
  },
  {
    "iscl": false,
    "iswl": false,
    "id": 16,
    "orderid": "123416",
    "quantity": "1",
    "category": "mens",
    "subcategory": "tshirts",
    "name": "pink striped tshirt",
    "description": "polo color",
    "size": "L",
    "color": "pink",
    "amount": 350,
    "qtyAmount": 0,
    "imgurl": "../../assets/mens/men-tshirts-10/tshirt8.jpg"
  },

  {
    "iscl": false,
    "iswl": false,
    "id": 17,
    "orderid": "123417",
    "quantity": "1",
    "category": "mens",
    "subcategory": "casualwear",
    "name": "casualwearshoe",
    "description": "men clarkin sneakers",
    "amount": 1000,
    "qtyAmount": 0,
    "imgurl": "../../assets/mens/footware-casulas-10/casualshoe1.jpg"
  },
  {
    "iscl": false,
    "iswl": false,
    "id": 18,
    "orderid": "123418",
    "quantity": "1",
    "category": "mens",
    "subcategory": "casualwear",
    "name": "casualwearshoe",
    "description": "men sneakers",
    "amount": 1650,
    "qtyAmount": 0,
    "imgurl": "../../assets/mens/footware-casulas-10/casualshoe2.jpg"
  },
  {
    "iscl": false,
    "iswl": false,
    "id": 19,
    "orderid": "123419",
    "quantity": "1",
    "category": "mens",
    "subcategory": "casualwear",
    "name": "casualwearshoe",
    "description": "men colorblocked sneakers  ",
    "amount": 1450,
    "qtyAmount": 0,
    "imgurl": "../../assets/mens/footware-casulas-10/casualshoe3.jpg"
  },
  {
    "iscl": false,
    "iswl": false,
    "id": 20,
    "orderid": "123420",
    "quantity": "1",
    "category": "mens",
    "subcategory": "casualwear",
    "name": "casualwearshoe",
    "description": "men slipon sneakers",
    "amount": 1350,
    "qtyAmount": 0,
    "imgurl": "../../assets/mens/footware-casulas-10/casualshoe4.jpg"
  },
  {
    "iscl": false,
    "iswl": false,
    "id": 21,
    "orderid": "123421",
    "quantity": "1",
    "category": "mens",
    "subcategory": "casualwear",
    "name": "casualwearshoe",
    "description": "men sneakers",
    "amount": 1555,
    "qtyAmount": 0,
    "imgurl": "../../assets/mens/footware-casulas-10/casualshoe5.jpg"
  },
  {
    "iscl": false,
    "iswl": false,
    "id": 22,
    "orderid": "123422",
    "quantity": "1",
    "category": "mens",
    "subcategory": "casualwear",
    "name": "casualwearshoe",
    "description": "men textured mejaries",
    "amount": 1650,
    "qtyAmount": 0,
    "imgurl": "../../assets/mens/footware-casulas-10/casualshoe6.jpg"
  },
  {
    "iscl": false,
    "iswl": false,
    "id": 23,
    "orderid": "123423",
    "quantity": "1",
    "category": "mens",
    "subcategory": "casualwear",
    "name": "casualwearshoe",
    "description": "men leather loafers",
    "amount": 1450,
    "qtyAmount": 0,
    "imgurl": "../../assets/mens/footware-casulas-10/casualshoe7.jpg"
  },
  {
    "iscl": false,
    "iswl": false,
    "id": 24,
    "orderid": "123424",
    "quantity": "1",
    "category": "mens",
    "subcategory": "casualwear",
    "name": "casualwearshoe",
    "description": "men soloid sneakers",
    "amount": 1350,
    "qtyAmount": 0,
    "imgurl": "../../assets/mens/footware-casulas-10/casualshoe8.jpg"
  },

  {
    "iscl": false,
    "iswl": false,
    "id": 25,
    "orderid": "123425",
    "quantity": "1",
    "category": "mens",
    "subcategory": "sportswear",
    "name": "sportswearshoe",
    "description": "men walking shoes",
    "amount": 2555,
    "qtyAmount": 0,
    "imgurl": "../../assets/mens/footware-sports-10/sports-shoe1.jpg"
  },
  {
    "iscl": false,
    "iswl": false,
    "id": 26,
    "orderid": "123426",
    "quantity": "1",
    "category": "mens",
    "subcategory": "sportswear",
    "name": "sportswearshoe",
    "description": "men solid running shoes",
    "amount": 2650,
    "qtyAmount": 0,
    "imgurl": "../../assets/mens/footware-sports-10/sports-shoe2.jpg"
  },
  {
    "iscl": false,
    "iswl": false,
    "id": 27,
    "orderid": "123427",
    "quantity": "1",
    "category": "mens",
    "subcategory": "sportswear",
    "name": "sportswearshoe",
    "description": "men aqua shoes",
    "amount": 2450,
    "qtyAmount": 0,
    "imgurl": "../../assets/mens/footware-sports-10/sports-shoe3.jpg"
  },
  {
    "iscl": false,
    "iswl": false,
    "id": 28,
    "orderid": "123428",
    "quantity": "1",
    "category": "mens",
    "subcategory": "sportswear",
    "name": "sportswearshoe",
    "description": "walking shoes",
    "amount": 2350,
    "qtyAmount": 0,
    "imgurl": "../../assets/mens/footware-sports-10/sports-shoe4.jpg"
  },
  {
    "iscl": false,
    "iswl": false,
    "id": 29,
    "orderid": "123429",
    "quantity": "1",
    "category": "mens",
    "subcategory": "sportswear",
    "name": "sportswearshoe",
    "description": "men street run",
    "amount": 2555,
    "qtyAmount": 0,
    "imgurl": "../../assets/mens/footware-sports-10/sports-shoe5.jpg"
  },
  {
    "iscl": false,
    "iswl": false,
    "id": 30,
    "orderid": "123430",
    "quantity": "1",
    "category": "mens",
    "subcategory": "sportswear",
    "name": "sportswearshoe",
    "description": "men city running shoe",
    "amount": 2650,
    "qtyAmount": 0,
    "imgurl": "../../assets/mens/footware-sports-10/sports-shoe6.jpg"
  },
  {
    "iscl": false,
    "iswl": false,
    "id": 31,
    "orderid": "123431",
    "quantity": "1",
    "category": "mens",
    "subcategory": "sportswear",
    "name": "sportswearshoe",
    "description": "men stunicon running shoe",
    "amount": 2450,
    "qtyAmount": 0,
    "imgurl": "../../assets/mens/footware-sports-10/sports-shoe7.jpg"
  },
  {
    "iscl": false,
    "iswl": false,
    "id": 32,
    "orderid": "123432",
    "quantity": "1",
    "category": "mens",
    "subcategory": "sportswear",
    "name": "sportswearshoe",
    "description": "men zoom winflo running",
    "amount": 2350,
    "qtyAmount": 0,
    "imgurl": "../../assets/mens/footware-sports-10/sports-shoe8.jpg"
  },

  {
    "iscl": false,
    "iswl": false,
    "id": 33,
    "orderid": "123433",
    "quantity": "1",
    "category": "womens",
    "subcategory": "kurti",
    "name": "kurti",
    "description": " women printed kurti",
    "size": "M",
    "amount": 555,
    "qtyAmount": 0,
    "imgurl": "../../assets/womens/Clothing/women-kurties-10/kurti1.jpg"
  },
  {
    "iscl": false,
    "iswl": false,
    "id": 34,
    "orderid": "123434",
    "quantity": "1",
    "category": "womens",
    "subcategory": "kurti",
    "name": "kurti",
    "description": "umbrella cutting kurti",
    "size": "L",
    "amount": 650,
    "qtyAmount": 0,
    "imgurl": "../../assets/womens/Clothing/women-kurties-10/kurti2.jpg"
  },
  {
    "iscl": false,
    "iswl": false,
    "id": 35,
    "orderid": "123435",
    "quantity": "1",
    "category": "womens",
    "subcategory": "kurti",
    "name": "kurti",
    "description": "blue formal kurti",
    "size": "xxL",
    "amount": 450,
    "qtyAmount": 0,
    "imgurl": "../../assets/womens/Clothing/women-kurties-10/kurti3.jpg"
  },
  {
    "iscl": false,
    "iswl": false,
    "id": 36,
    "orderid": "123436",
    "quantity": "1",
    "category": "womens",
    "subcategory": "kurti",
    "name": "kurti",
    "description": "kurti with palazo",
    "size": "xs",
    "amount": 350,
    "qtyAmount": 0,
    "imgurl": "../../assets/womens/Clothing/women-kurties-10/kurti4.jpg"
  },
  {
    "iscl": false,
    "iswl": false,
    "id": 37,
    "orderid": "123437",
    "quantity": "1",
    "category": "womens",
    "subcategory": "kurti",
    "name": "kurti",
    "description": "pink embroidery kurti",
    "size": "s",
    "amount": 555,
    "qtyAmount": 0,
    "imgurl": "../../assets/womens/Clothing/women-kurties-10/kurti5.jpg"
  },
  {
    "iscl": false,
    "iswl": false,
    "id": 38,
    "orderid": "123438",
    "quantity": "1",
    "category": "womens",
    "subcategory": "kurti",
    "name": "kurti",
    "description": "women yoke design  kurta set",
    "size": "xs",
    "amount": 650,
    "qtyAmount": 0,
    "imgurl": "../../assets/womens/Clothing/women-kurties-10/kurti6.jpg"
  },
  {
    "iscl": false,
    "iswl": false,
    "id": 39,
    "orderid": "123439",
    "quantity": "1",
    "category": "womens",
    "subcategory": "kurti",
    "name": "kurti",
    "description": "kurti with dupatta",
    "size": "xs",
    "amount": 1450,
    "qtyAmount": 0,
    "imgurl": "../../assets/womens/Clothing/women-kurties-10/kurti7.jpg"
  },
  {
    "iscl": false,
    "iswl": false,
    "id": 40,
    "orderid": "123440",
    "quantity": "1",
    "category": "womens",
    "subcategory": "kurti",
    "name": "kurti",
    "description": "kurti set",
    "size": "xxl",
    "amount": 1350,
    "qtyAmount": 0,
    "imgurl": "../../assets/womens/Clothing/women-kurties-10/kurti8.jpg"
  },

  {
    "iscl": false,
    "iswl": false,
    "id": 41,
    "orderid": "123441",
    "quantity": "1",
    "category": "womens",
    "subcategory": "saree",
    "name": "pink lines saree",
    "description": "100% cotton wear",
    "amount": 1555,
    "qtyAmount": 0,
    "imgurl": "../../assets/womens/Clothing/women-sarees-10/saree1.jpg"
  },
  {
    "iscl": false,
    "iswl": false,
    "id": 42,
    "orderid":"123442",
    "quantity": "1",
    "category": "womens",
    "subcategory": "saree",
    "name": "kerala model saree",
    "description": "100% cotton wear",
    "amount": 1650,
    "qtyAmount": 0,
    "imgurl": "../../assets/womens/Clothing/women-sarees-10/saree2.jpg"
  },
  {
    "iscl": false,
    "iswl": false,
    "id": 43,
    "orderid": "123443",
    "quantity": "1",
    "category": "womens",
    "subcategory": "saree",
    "name": "red with ash saree",
    "description": "100% cotton wear",
    "amount": 1450,
    "qtyAmount": 0,
    "imgurl": "../../assets/womens/Clothing/women-sarees-10/saree3.jpg"
  },
  {
    "iscl": false,
    "iswl": false,
    "id": 44,
    "orderid": "123444",
    "quantity": "1",
    "category": "womens",
    "subcategory": "saree",
    "name": "partywear saree",
    "description": "100% cotton wear",
    "amount": 1350,
    "qtyAmount": 0,
    "imgurl": "../../assets/womens/Clothing/women-sarees-10/saree4.jpg"
  },
  {
    "iscl": false,
    "iswl": false,
    "id": 45,
    "orderid": "123445",
    "quantity": "1",
    "category": "womens",
    "subcategory": "saree",
    "name": "festival look",
    "description": "100% cotton wear",
    "amount": 1555,
    "qtyAmount": 0,
    "imgurl": "../../assets/womens/Clothing/women-sarees-10/saree5.jpg"
  },
  {
    "iscl": false,
    "iswl": false,
    "id": 46,
    "orderid": "123446",
    "quantity": "1",
    "category": "womens",
    "subcategory": "saree",
    "name": "yellow neted saree",
    "description": "100% cotton wear",
    "amount": 1650,
    "qtyAmount": 0,
    "imgurl": "../../assets/womens/Clothing/women-sarees-10/saree6.jpg"
  },
  {
    "iscl": false,
    "iswl": false,
    "id": 47,
    "orderid": "123447",
    "quantity": "1",
    "category": "womens",
    "subcategory": "saree",
    "name": "blue saree",
    "description": "100% cotton wear",
    "amount": 1450,
    "qtyAmount": 0,
    "imgurl": "../../assets/womens/Clothing/women-sarees-10/saree7.jpg"
  },
  {
    "iscl": false,
    "iswl": false,
    "id": 48,
    "orderid": "123448",
    "quantity": "1",
    "category": "womens",
    "subcategory": "saree",
    "name": "sequence design saree",
    "description": "100% cotton wear",
    "amount": 1350,
    "qtyAmount": 0,
    "imgurl": "../../assets/womens/Clothing/women-sarees-10/saree8.jpg"
  },

  {
    "iscl": false,
    "iswl": false,
    "id": 49,
    "orderid": "123449",
    "quantity": "1",
    "category": "womens",
    "subcategory": "flats",
    "name": "flats",
    "description": "women mules flats ",
    "amount": 555,
    "qtyAmount": 0,
    "imgurl": "../../assets/womens/Footwear/flats-10/flats1.jpg"
  },
  {
    "iscl": false,
    "iswl": false,
    "id": 50,
    "orderid": "123450",
    "quantity": "1",
    "category": "womens",
    "subcategory": "flats",
    "name": "flats",
    "description": "women flats",
    "amount": 650,
    "qtyAmount": 0,
    "imgurl": "../../assets/womens/Footwear/flats-10/flats2.jpg"
  },
  {
    "iscl": false,
    "iswl": false,
    "id": 51,
    "orderid": "123451",
    "quantity": "1",
    "category": "womens",
    "subcategory": "flats",
    "name": "flats",
    "description": "women mules flats",
    "amount": 750,
    "qtyAmount": 0,
    "imgurl": "../../assets/womens/Footwear/flats-10/flats3.jpg"
  },
  {
    "iscl": false,
    "iswl": false,
    "id": 52,
    "orderid": "123452",
    "quantity": "1",
    "category": "womens",
    "subcategory": "flats",
    "name": "flats",
    "description": "women flats",
    "amount": 1350,
    "qtyAmount": 0,
    "imgurl": "../../assets/womens/Footwear/flats-10/flats4.jpg"
  },
  {
    "iscl": false,
    "iswl": false,
    "id": 53,
    "orderid": "123453",
    "quantity": "1",
    "category": "womens",
    "subcategory": "flats",
    "name": "flats",
    "description": "women flats",
    "amount": 555,
    "qtyAmount": 0,
    "imgurl": "../../assets/womens/Footwear/flats-10/flats5.jpg"
  },
  {
    "iscl": false,
    "iswl": false,
    "id": 54,
    "orderid": "123454",
    "quantity": "1",
    "category": "womens",
    "subcategory": "flats",
    "name": "flats",
    "description": "women flats",
    "amount": 650,
    "qtyAmount": 0,
    "imgurl": "../../assets/womens/Footwear/flats-10/flats6.jpg"
  },
  {
    "iscl": false,
    "iswl": false,
    "id": 55,
    "orderid": "123455",
    "quantity": "1",
    "category": "womens",
    "subcategory": "flats",
    "name": "flats",
    "description": "women flats",
    "amount": 850,
    "qtyAmount": 0,
    "imgurl": "../../assets/womens/Footwear/flats-10/flats7.jpg"
  },
  {
    "iscl": false,
    "iswl": false,
    "id": 56,
    "orderid": "123456",
    "quantity": "1",
    "category": "womens",
    "subcategory": "flats",
    "name": "flats",
    "description": "women flats",
    "amount": 850,
    "qtyAmount": 0,
    "imgurl": "../../assets/womens/Footwear/flats-10/flats8.jpg"
  },

  {
    "iscl": false,
    "iswl": false,
    "id": 57,
    "orderid": "123457",
    "quantity": "1",
    "category": "womens",
    "subcategory": "heels",
    "name": "heels",
    "description": "solid white heels",
    "amount": 955,
    "qtyAmount": 0,
    "imgurl": "../../assets/womens/Footwear/heels-10/heels1.jpg"
  },
  {
    "iscl": false,
    "iswl": false,
    "id": 58,
    "orderid": "123458",
    "quantity": "1",
    "category": "womens",
    "subcategory": "heels",
    "name": "heels",
    "description": "high heels",
    "amount": 450,
    "qtyAmount": 0,
    "imgurl": "../../assets/womens/Footwear/heels-10/heels2.jpg"
  },
  {
    "iscl": false,
    "iswl": false,
    "id": 59,
    "orderid": "123459",
    "quantity": "1",
    "category": "womens",
    "subcategory": "heels",
    "name": "heels",
    "description": "gray pumps",
    "amount": 1150,
    "qtyAmount": 0,
    "imgurl": "../../assets/womens/Footwear/heels-10/heels3.jpg"
  },
  {
    "iscl": false,
    "iswl": false,
    "id": 60,
    "orderid": "123460",
    "quantity": "1",
    "category": "womens",
    "subcategory": "heels",
    "name": "heels",
    "description": "black heels",
    "amount": 950,
    "qtyAmount": 0,
    "imgurl": "../../assets/womens/Footwear/heels-10/heels4.jpg"
  },
  {
    "iscl": false,
    "iswl": false,
    "id": 61,
    "orderid": "123461",
    "quantity": "1",
    "category": "womens",
    "subcategory": "heels",
    "name": "heels",
    "description": "100% cotton wear",
    "amount": 1755,
    "qtyAmount": 0,
    "imgurl": "../../assets/womens/Footwear/heels-10/heels5.jpg"
  },
  {
    "iscl": false,
    "iswl": false,
    "id": 62,
    "orderid": "123462",
    "quantity": "1",
    "category": "womens",
    "subcategory": "heels",
    "name": "heels",
    "description": "party wear heels",
    "amount": 850,
    "qtyAmount": 0,
    "imgurl": "../../assets/womens/Footwear/heels-10/heels6.jpg"
  },
  {
    "iscl": false,
    "iswl": false,
    "id": 63,
    "orderid": "123463",
    "quantity": "1",
    "category": "womens",
    "subcategory": "heels",
    "name": "heels",
    "description": "transparent heels",
    "amount": 650,
    "qtyAmount": 0,
    "imgurl": "../../assets/womens/Footwear/heels-10/heels7.jpg"
  },
  {
    "iscl": false,
    "iswl": false,
    "id": 64,
    "orderid": "123464",
    "quantity": "1",
    "category": "womens",
    "subcategory": "heels",
    "name": "heels",
    "description": "regular heels",
    "amount": 1550,
    "qtyAmount": 0,
    "imgurl": "../../assets/womens/Footwear/heels-10/heels8.jpg"
  },

  {
    "iscl": false,
    "iswl": false,
    "id": 65,
    "orderid": "123465",
    "quantity": "1",
    "category": "kids",
    "subcategory": "frocks",
    "name": "frocks",
    "description": "green color party wear",
    "amount": 1555,
    "qtyAmount": 0,
    "imgurl": "../../assets/kids/Clothing/kid-frocks-10/frock1.jpg"
  },
  {
    "iscl": false,
    "iswl": false,
    "id": 66,
    "orderid": "123466",
    "quantity": "1",
    "category": "kids",
    "subcategory": "frocks",
    "name": "frocks",
    "description": "baby pink party wear",
    "amount": 1650,
    "qtyAmount": 0,
    "imgurl": "../../assets/kids/Clothing/kid-frocks-10/frock2.jpg"
  },
  {
    "iscl": false,
    "iswl": false,
    "id": 67,
    "orderid": "123467",
    "quantity": "1",
    "category": "kids",
    "subcategory": "frocks",
    "name": "frocks",
    "description": "floral print frock",
    "amount": 1450,
    "qtyAmount": 0,
    "imgurl": "../../assets/kids/Clothing/kid-frocks-10/frock3.jpg"
  },
  {
    "iscl": false,
    "iswl": false,
    "id": 68,
    "orderid": "123468",
    "quantity": "1",
    "category": "kids",
    "subcategory": "frocks",
    "name": "frocks",
    "description": "ash color frock",
    "amount": 1350,
    "qtyAmount": 0,
    "imgurl": "../../assets/kids/Clothing/kid-frocks-10/frock4.jpg"
  },
  {
    "iscl": false,
    "iswl": false,
    "id": 69,
    "quantity": "1",
    "orderid": "123469",
    "category": "kids",
    "subcategory": "frocks",
    "name": "frocks",
    "description": "baby pink dress",
    "amount": 1555,
    "qtyAmount": 0,
    "imgurl": "../../assets/kids/Clothing/kid-frocks-10/frock5.jpg"
  },
  {
    "iscl": false,
    "iswl": false,
    "id": 70,
    "quantity": "1",
    "orderid": "123470",
    "category": "kids",
    "subcategory": "frocks",
    "name": "frocks",
    "description": "girls unicon printed max dress",
    "amount": 1650,
    "qtyAmount": 0,
    "imgurl": "../../assets/kids/Clothing/kid-frocks-10/frock6.jpg"
  },
  {
    "iscl": false,
    "iswl": false,
    "id": 71,
    "orderid": "123471",
    "quantity": "1",
    "category": "kids",
    "subcategory": "frocks",
    "name": "frocks",
    "description": "colorblocked stain dress",
    "amount": 1450,
    "qtyAmount": 0,
    "imgurl": "../../assets/kids/Clothing/kid-frocks-10/frock7.jpg"
  },
  {
    "iscl": false,
    "iswl": false,
    "id": 72,
    "orderid": "123472",
    "quantity": "1",
    "category": "kids",
    "subcategory": "frocks",
    "name": "frocks",
    "description": "neted frock",
    "amount": 1350,
    "qtyAmount": 0,
    "imgurl": "../../assets/kids/Clothing/kid-frocks-10/frock8.jpg"
  },

  {
    "iscl": false,
    "iswl": false,
    "id": 73,
    "orderid": "123473",
    "quantity": "1",
    "category": "kids",
    "subcategory": "jeens",
    "name": "jeans",
    "description": "blue fade jeans",
    "amount": 555,
    "qtyAmount": 0,
    "imgurl": "../../assets/kids/Clothing/kids-jeens-10/jeens1.jpg"
  },
  {
    "iscl": false,
    "iswl": false,
    "id": 74,
    "orderid": "123474",
    "quantity": "1",
    "category": "kids",
    "subcategory": "jeens",
    "name": "jeans",
    "description": "lite fade jeans",
    "amount": 650,
    "qtyAmount": 0,
    "imgurl": "../../assets/kids/Clothing/kids-jeens-10/jeens2.jpg"
  },
  {
    "iscl": false,
    "iswl": false,
    "id": 75,
    "orderid": "123475",
    "quantity": "1",
    "category": "kids",
    "subcategory": "jeens",
    "name": "jeans",
    "description": "boys jogger jeans",
    "amount": 450,
    "qtyAmount": 0,
    "imgurl": "../../assets/kids/Clothing/kids-jeens-10/jeens3.jpg"
  },
  {
    "iscl": false,
    "iswl": false,
    "id": 76,
    "orderid": "123476",
    "quantity": "1",
    "category": "kids",
    "subcategory": "jeens",
    "name": "jeans",
    "description": "regular fit jeans",
    "amount": 1350,
    "qtyAmount": 0,
    "imgurl": "../../assets/kids/Clothing/kids-jeens-10/jeens4.jpg"
  },
  {
    "iscl": false,
    "iswl": false,
    "id": 77,
    "orderid": "123477",
    "quantity": "1",
    "category": "kids",
    "subcategory": "jeens",
    "name": "jeans",
    "description": "slimfit jeans",
    "amount": 555,
    "qtyAmount": 0,
    "imgurl": "../../assets/kids/Clothing/kids-jeens-10/jeens5.jpg"
  },
  {
    "iscl": false,
    "iswl": false,
    "id": 78,
    "orderid": "123478",
    "quantity": "1",
    "category": "kids",
    "subcategory": "jeens",
    "name": "jeans",
    "description": "taperd fit jeans",
    "amount": 650,
    "qtyAmount": 0,
    "imgurl": "../../assets/kids/Clothing/kids-jeens-10/jeens6.jpg"
  },
  {
    "iscl": false,
    "iswl": false,
    "id": 79,
    "orderid": "123479",
    "quantity": "1",
    "category": "kids",
    "subcategory": "jeens",
    "name": "jeans",
    "description": "mid-rise jeans",
    "amount": 450,
    "qtyAmount": 0,
    "imgurl": "../../assets/kids/Clothing/kids-jeens-10/jeens7.jpg"
  },
  {
    "iscl": false,
    "iswl": false,
    "id": 80,
    "orderid": "123480",
    "quantity": "1",
    "category": "kids",
    "subcategory": "jeens",
    "name": "jeans",
    "description": "strech slim fit jeans",
    "amount": 1350,
    "qtyAmount": 0,
    "imgurl": "../../assets/kids/Clothing/kids-jeens-10/jeens8.jpg"
  },

  {
    "iscl": false,
    "iswl": false,
    "id": 81,
    "orderid": "123481",
    "quantity": "1",
    "category": "kids",
    "subcategory": "flipflops",
    "name": "flipflops",
    "description": "kids rubber flipflops",
    "amount": 5155,
    "qtyAmount": 0,
    "imgurl": "../../assets/kids/Footwear/kids-flipflops-10/flipflops1.jpg"
  },
  {
    "iscl": false,
    "iswl": false,
    "id": 82,
    "orderid": "123482",
    "quantity": "1",
    "category": "kids",
    "subcategory": "flipflops",
    "name": "flipflops",
    "description": "printed flipflops",
    "amount": 650,
    "qtyAmount": 0,
    "imgurl": "../../assets/kids/Footwear/kids-flipflops-10/flipflops2.jpg"
  },
  {
    "iscl": false,
    "iswl": false,
    "id": 83,
    "orderid": "123483",
    "quantity": "1",
    "category": "kids",
    "subcategory": "flipflops",
    "name": "flipflops",
    "description": "animal printed flipflops",
    "amount": 450,
    "qtyAmount": 0,
    "imgurl": "../../assets/kids/Footwear/kids-flipflops-10/flipflops3.jpg"
  },
  {
    "iscl": false,
    "iswl": false,
    "id": 84,
    "orderid": "123484",
    "quantity": "1",
    "category": "kids",
    "subcategory": "flipflops",
    "name": "flipflops",
    "description": "casual ware flips",
    "amount": 1350,
    "qtyAmount": 0,
    "imgurl": "../../assets/kids/Footwear/kids-flipflops-10/flipflops4.jpg"
  },
  {
    "iscl": false,
    "iswl": false,
    "id": 85,
    "orderid": "123485",
    "quantity": "1",
    "category": "kids",
    "subcategory": "flipflops",
    "name": "flipflops",
    "description": "unisex flipflops",
    "amount": 555,
    "qtyAmount": 0,
    "imgurl": "../../assets/kids/Footwear/kids-flipflops-10/flipflops5.jpg"
  },
  {
    "iscl": false,
    "iswl": false,
    "id": 86,
    "orderid": "123486",
    "quantity": "1",
    "category": "kids",
    "subcategory": "flipflops",
    "name": "flipflops",
    "description": "boys swifters clogs",
    "amount": 650,
    "qtyAmount": 0,
    "imgurl": "../../assets/kids/Footwear/kids-flipflops-10/flipflops6.jpg"
  },
  {
    "iscl": false,
    "iswl": false,
    "id": 87,
    "orderid": "123487",
    "quantity": "1",
    "category": "kids",
    "subcategory": "flipflops",
    "name": "flipflops",
    "description": "printed flips",
    "amount": 450,
    "qtyAmount": 0,
    "imgurl": "../../assets/kids/Footwear/kids-flipflops-10/flipflops7.jpg"
  },
  {
    "iscl": false,
    "iswl": false,
    "id": 88,
    "orderid": "123488",
    "quantity": "1",
    "category": "kids",
    "subcategory": "flipflops",
    "name": "flipflops",
    "description": "regular flipflops",
    "amount": 350,
    "qtyAmount": 0,
    "imgurl": "../../assets/kids/Footwear/kids-flipflops-10/flipflops8.jpg"
  },

  {
    "iscl": false,
    "iswl": false,
    "id": 89,
    "orderid": "123489",
    "quantity": "1",
    "category": "kids",
    "subcategory": "schoolshoe",
    "name": "schoolshoe",
    "description": "kids revolution for runnig",
    "amount": 1555,
    "qtyAmount": 0,
    "imgurl": "../../assets/kids/Footwear/kids-schoolshoe-10/schoolshoe1.jpg"
  },
  {
    "iscl": false,
    "iswl": false,
    "id": 90,
    "orderid": "123490",
    "quantity": "1",
    "category": "kids",
    "subcategory": "schoolshoe",
    "name": "schoolshoe",
    "description": "unisex kent  sneakers",
    "amount": 1650,
    "qtyAmount": 0,
    "imgurl": "../../assets/kids/Footwear/kids-schoolshoe-10/schoolshoe2.jpg"
  },
  {
    "iscl": false,
    "iswl": false,
    "id": 91,
    "orderid": "123491",
    "quantity": "1",
    "category": "kids",
    "subcategory": "schoolshoe",
    "name": "schoolshoe",
    "description": "kids schol shoe",
    "amount": 1450,
    "qtyAmount": 0,
    "imgurl": "../../assets/kids/Footwear/kids-schoolshoe-10/schoolshoe3.jpg"
  },
  {
    "iscl": false,
    "iswl": false,
    "id": 92,
    "orderid": "123492",
    "quantity": "1",
    "category": "kids",
    "subcategory": "schoolshoe",
    "name": "schoolshoe",
    "description": "kids schol shoe",
    "amount": 1350,
    "qtyAmount": 0,
    "imgurl": "../../assets/kids/Footwear/kids-schoolshoe-10/schoolshoe4.jpg"
  },
  {
    "iscl": false,
    "iswl": false,
    "id": 93,
    "orderid": "1234593",
    "quantity": "1",
    "category": "kids",
    "subcategory": "schoolshoe",
    "name": "schoolshoe",
    "description": "kids casual shoe",
    "amount": 1555,
    "qtyAmount": 0,
    "imgurl": "../../assets/kids/Footwear/kids-schoolshoe-10/schoolshoe5.jpg"
  },
  {
    "iscl": false,
    "iswl": false,
    "id": 94,
    "orderid": "123494",
    "quantity": "1",
    "category": "kids",
    "subcategory": "schoolshoe",
    "name": "schoolshoe",
    "description": "kids schol shoe ",
    "amount": 1650,
    "qtyAmount": 0,
    "imgurl": "../../assets/kids/Footwear/kids-schoolshoe-10/schoolshoe6.jpg"
  },
  {
    "iscl": false,
    "iswl": false,
    "id": 95,
    "orderid": "123495",
    "quantity": "1",
    "category": "kids",
    "subcategory": "schoolshoe",
    "name": "schoolshoe",
    "description": "kids casual shoe",
    "amount": 1450,
    "qtyAmount": 0,
    "imgurl": "../../assets/kids/Footwear/kids-schoolshoe-10/schoolshoe7.jpg"
  },
  {
    "iscl": false,
    "iswl": false,
    "id": 96,
    "orderid": "123496",
    "quantity": "1",
    "category": "kids",
    "subcategory": "schoolshoe",
    "name": "schoolshoe",
    "description": "100% cotton wear",
    "amount": 1350,
    "qtyAmount": 0,
    "imgurl": "../../assets/kids/Footwear/kids-schoolshoe-10/schoolshoe8.jpg"
  }
]
